{
    "1.0": {
        "T_START": 1746402933.5708,
        "T_END": 1746403233.5708,
        "measurement_creates_submitted": 150,
        "measurement_deletes_submitted": 150,
        "target_pool_size": 100
    },
    "2.0": {
        "T_START": 1746403396.5477068,
        "T_END": 1746403696.5477068,
        "measurement_creates_submitted": 300,
        "measurement_deletes_submitted": 300,
        "target_pool_size": 100
    },
    "4.0": {
        "T_START": 1746403848.8273962,
        "T_END": 1746404148.8273962,
        "measurement_creates_submitted": 600,
        "measurement_deletes_submitted": 600,
        "target_pool_size": 100
    },
    "8.0": {
        "T_START": 1746404302.472981,
        "T_END": 1746404602.472981,
        "measurement_creates_submitted": 1200,
        "measurement_deletes_submitted": 1200,
        "target_pool_size": 100
    },
    "16.0": {
        "T_START": 1746404753.0795672,
        "T_END": 1746405053.0795672,
        "measurement_creates_submitted": 2400,
        "measurement_deletes_submitted": 2400,
        "target_pool_size": 100
    }
}