{
    "1.0": {
        "T_START": 1746469604.113203,
        "T_END": 1746469904.113203,
        "measurement_creates_submitted": 150,
        "measurement_deletes_submitted": 150,
        "target_pool_size": 100
    }
}